{"cameraMode":{"drawMode":0,"name":"Shaded","section":"Shading Mode"},"sceneLighting":true,"audioPlay":false,"sceneViewState":{"m_AlwaysRefresh":false,"showFog":true,"showSkybox":true,"showFlares":true,"showImageEffects":true,"showParticleSystems":true,"showVisualEffectGraphs":true,"m_FxEnabled":true},"in2DMode":false,"pivot":{"x":0.7704690098762512,"y":-2.855276346206665,"z":12.252076148986817},"rotation":{"x":-0.16897837817668916,"y":-0.01271809358149767,"z":0.002177681541070342,"w":-0.9855292439460754},"size":13.393632888793946,"orthographic":false}